﻿<?xml version="1.0" encoding="utf-8"?>
<abapGit version="v1.0.0" serializer="LCL_OBJECT_CLAS" serializer_version="v1.0.0">
 <asx:abap xmlns:asx="http://www.sap.com/abapxml" version="1.0">
  <asx:values>
   <DESCRIPTIONS>
    <SEOCOMPOTX>
     <CLSNAME>YCL_FINS_TDD_POST</CLSNAME>
     <CMPNAME>ACDOC_POST</CMPNAME>
     <LANGU>E</LANGU>
     <DESCRIPT>Post to Unified Journal Entry</DESCRIPT>
    </SEOCOMPOTX>
    <SEOCOMPOTX>
     <CLSNAME>YCL_FINS_TDD_POST</CLSNAME>
     <CMPNAME>ADD_REF_TO_PRECEEDING_DOC_ITEM</CMPNAME>
     <LANGU>E</LANGU>
     <DESCRIPT>Add references to precessing document</DESCRIPT>
    </SEOCOMPOTX>
    <SEOCOMPOTX>
     <CLSNAME>YCL_FINS_TDD_POST</CLSNAME>
     <CMPNAME>BUILD_POSTING_EVENT</CMPNAME>
     <LANGU>E</LANGU>
     <DESCRIPT>Build posting event</DESCRIPT>
    </SEOCOMPOTX>
    <SEOCOMPOTX>
     <CLSNAME>YCL_FINS_TDD_POST</CLSNAME>
     <CMPNAME>CHECK_COEP_CONTAINS_VALUES</CMPNAME>
     <LANGU>E</LANGU>
     <DESCRIPT>Check wether CO posting item contains any values</DESCRIPT>
    </SEOCOMPOTX>
    <SEOCOMPOTX>
     <CLSNAME>YCL_FINS_TDD_POST</CLSNAME>
     <CMPNAME>CHECK_CONTAINS_VALUES</CMPNAME>
     <LANGU>E</LANGU>
     <DESCRIPT>Check wether document item contains any values</DESCRIPT>
    </SEOCOMPOTX>
    <SEOCOMPOTX>
     <CLSNAME>YCL_FINS_TDD_POST</CLSNAME>
     <CMPNAME>CHECK_REVERSAL</CMPNAME>
     <LANGU>E</LANGU>
     <DESCRIPT>Check for Reversal Document</DESCRIPT>
    </SEOCOMPOTX>
    <SEOCOMPOTX>
     <CLSNAME>YCL_FINS_TDD_POST</CLSNAME>
     <CMPNAME>CHECK_RWIN</CMPNAME>
     <LANGU>E</LANGU>
     <DESCRIPT>Do RWIN Checks for ALE Data</DESCRIPT>
    </SEOCOMPOTX>
    <SEOCOMPOTX>
     <CLSNAME>YCL_FINS_TDD_POST</CLSNAME>
     <CMPNAME>CHECK_TRANSFER_EVENT_POSSIBLE</CMPNAME>
     <LANGU>E</LANGU>
     <DESCRIPT>Check: Transfer of document to target ledger grp. possible ?</DESCRIPT>
    </SEOCOMPOTX>
    <SEOCOMPOTX>
     <CLSNAME>YCL_FINS_TDD_POST</CLSNAME>
     <CMPNAME>CHECK_TRANSFER_POSSIBLE</CMPNAME>
     <LANGU>E</LANGU>
     <DESCRIPT>Check whether transfer to ACODC is possible</DESCRIPT>
    </SEOCOMPOTX>
    <SEOCOMPOTX>
     <CLSNAME>YCL_FINS_TDD_POST</CLSNAME>
     <CMPNAME>CHECK_TRUE_REVERSAL_POSSIBLE</CMPNAME>
     <LANGU>E</LANGU>
     <DESCRIPT>Check whether explicit reversal is possible</DESCRIPT>
    </SEOCOMPOTX>
    <SEOCOMPOTX>
     <CLSNAME>YCL_FINS_TDD_POST</CLSNAME>
     <CMPNAME>CLEAR_DOCUMENT_BUFFER</CMPNAME>
     <LANGU>E</LANGU>
     <DESCRIPT>Remove documents from doc. buffer for posting event</DESCRIPT>
    </SEOCOMPOTX>
    <SEOCOMPOTX>
     <CLSNAME>YCL_FINS_TDD_POST</CLSNAME>
     <CMPNAME>COLLECT_ACDOC_4_POSTING_EVENT</CMPNAME>
     <LANGU>E</LANGU>
     <DESCRIPT>Collect CO documents with same AWKEY</DESCRIPT>
    </SEOCOMPOTX>
    <SEOCOMPOTX>
     <CLSNAME>YCL_FINS_TDD_POST</CLSNAME>
     <CMPNAME>COPY_NON_CO_CURRENCIES</CMPNAME>
     <LANGU>E</LANGU>
     <DESCRIPT>Add additional currencies not recorded in classic CO</DESCRIPT>
    </SEOCOMPOTX>
    <SEOCOMPOTX>
     <CLSNAME>YCL_FINS_TDD_POST</CLSNAME>
     <CMPNAME>CREATE_ALE_ITEM</CMPNAME>
     <LANGU>E</LANGU>
     <DESCRIPT>Create Item for incomplete ALE Document</DESCRIPT>
    </SEOCOMPOTX>
    <SEOCOMPOTX>
     <CLSNAME>YCL_FINS_TDD_POST</CLSNAME>
     <CMPNAME>ENRICH_COEP_ADD_ALL_CURRENCIES</CMPNAME>
     <LANGU>E</LANGU>
     <DESCRIPT>Enrich COEP_ADD for all currencies according to FI logic</DESCRIPT>
    </SEOCOMPOTX>
    <SEOCOMPOTX>
     <CLSNAME>YCL_FINS_TDD_POST</CLSNAME>
     <CMPNAME>ENRICH_COEP_ADD_ALL_CURR_OLD</CMPNAME>
     <LANGU>E</LANGU>
     <DESCRIPT>Enrich COEP_ADD for all currencies according to FI logic</DESCRIPT>
    </SEOCOMPOTX>
    <SEOCOMPOTX>
     <CLSNAME>YCL_FINS_TDD_POST</CLSNAME>
     <CMPNAME>ENRICH_SETTLING_INFO</CMPNAME>
     <LANGU>E</LANGU>
     <DESCRIPT>Add information about settled item</DESCRIPT>
    </SEOCOMPOTX>
    <SEOCOMPOTX>
     <CLSNAME>YCL_FINS_TDD_POST</CLSNAME>
     <CMPNAME>FILL_ACCHD_KEY</CMPNAME>
     <LANGU>E</LANGU>
     <DESCRIPT>Fill structure ACCHD_KEY</DESCRIPT>
    </SEOCOMPOTX>
    <SEOCOMPOTX>
     <CLSNAME>YCL_FINS_TDD_POST</CLSNAME>
     <CMPNAME>FILL_ACCREV_KEY</CMPNAME>
     <LANGU>E</LANGU>
     <DESCRIPT>Fill structure ACCREV</DESCRIPT>
    </SEOCOMPOTX>
    <SEOCOMPOTX>
     <CLSNAME>YCL_FINS_TDD_POST</CLSNAME>
     <CMPNAME>FILL_ADD_ACDOC_CURR</CMPNAME>
     <LANGU>E</LANGU>
     <DESCRIPT>Fill Table GT_ADD_ACDOC_CURR</DESCRIPT>
    </SEOCOMPOTX>
    <SEOCOMPOTX>
     <CLSNAME>YCL_FINS_TDD_POST</CLSNAME>
     <CMPNAME>FILL_SETTLING_INFO</CMPNAME>
     <LANGU>E</LANGU>
     <DESCRIPT>Transform reposting/settlement from COEP format to ACDOC</DESCRIPT>
    </SEOCOMPOTX>
    <SEOCOMPOTX>
     <CLSNAME>YCL_FINS_TDD_POST</CLSNAME>
     <CMPNAME>GC_CURTP_IS_NOT_UNIQUE_LEDGERS</CMPNAME>
     <LANGU>E</LANGU>
     <DESCRIPT>CURTP is not unique across ledgers</DESCRIPT>
    </SEOCOMPOTX>
    <SEOCOMPOTX>
     <CLSNAME>YCL_FINS_TDD_POST</CLSNAME>
     <CMPNAME>GC_CURTP_IS_REDUNDANT_ONE_REC</CMPNAME>
     <LANGU>E</LANGU>
     <DESCRIPT>CURTP is redundant (One-Record)</DESCRIPT>
    </SEOCOMPOTX>
    <SEOCOMPOTX>
     <CLSNAME>YCL_FINS_TDD_POST</CLSNAME>
     <CMPNAME>GC_CURTP_IS_UNIQUE</CMPNAME>
     <LANGU>E</LANGU>
     <DESCRIPT>CURTP is unique</DESCRIPT>
    </SEOCOMPOTX>
    <SEOCOMPOTX>
     <CLSNAME>YCL_FINS_TDD_POST</CLSNAME>
     <CMPNAME>GC_VERSN_000</CMPNAME>
     <LANGU>E</LANGU>
     <DESCRIPT>Operative CO Version</DESCRIPT>
    </SEOCOMPOTX>
    <SEOCOMPOTX>
     <CLSNAME>YCL_FINS_TDD_POST</CLSNAME>
     <CMPNAME>GET_COEP_BUNDLE</CMPNAME>
     <LANGU>E</LANGU>
     <DESCRIPT>Create bundle of COEPs with same BW_REFBZ</DESCRIPT>
    </SEOCOMPOTX>
    <SEOCOMPOTX>
     <CLSNAME>YCL_FINS_TDD_POST</CLSNAME>
     <CMPNAME>GET_DEFAULT_VALUES</CMPNAME>
     <LANGU>E</LANGU>
     <DESCRIPT>Get default document_type and ledger group</DESCRIPT>
    </SEOCOMPOTX>
    <SEOCOMPOTX>
     <CLSNAME>YCL_FINS_TDD_POST</CLSNAME>
     <CMPNAME>GET_EXPLICIT_REVERSAL_MODE</CMPNAME>
     <LANGU>E</LANGU>
     <DESCRIPT>Get mode of reversals</DESCRIPT>
    </SEOCOMPOTX>
    <SEOCOMPOTX>
     <CLSNAME>YCL_FINS_TDD_POST</CLSNAME>
     <CMPNAME>GET_LOCAL_REFERENCE_BELNR</CMPNAME>
     <LANGU>E</LANGU>
     <DESCRIPT>Get local reference document number</DESCRIPT>
    </SEOCOMPOTX>
    <SEOCOMPOTX>
     <CLSNAME>YCL_FINS_TDD_POST</CLSNAME>
     <CMPNAME>GET_MAPPING_AWFIELDS</CMPNAME>
     <LANGU>E</LANGU>
     <DESCRIPT>Get mapping between temp. and final AWxxx Fields</DESCRIPT>
    </SEOCOMPOTX>
    <SEOCOMPOTX>
     <CLSNAME>YCL_FINS_TDD_POST</CLSNAME>
     <CMPNAME>GET_MAPPING_WXGBTR_CROSS_CMPY</CMPNAME>
     <LANGU>E</LANGU>
     <DESCRIPT>Get mapping for WxGBTR fields cross company</DESCRIPT>
    </SEOCOMPOTX>
    <SEOCOMPOTX>
     <CLSNAME>YCL_FINS_TDD_POST</CLSNAME>
     <CMPNAME>GET_POSTING_EVENT_KEY</CMPNAME>
     <LANGU>E</LANGU>
     <DESCRIPT>Get key of posting event from header data</DESCRIPT>
    </SEOCOMPOTX>
    <SEOCOMPOTX>
     <CLSNAME>YCL_FINS_TDD_POST</CLSNAME>
     <CMPNAME>GET_SIGN_OF_DOC_ITEM</CMPNAME>
     <LANGU>E</LANGU>
     <DESCRIPT>Determine sign of posting item</DESCRIPT>
    </SEOCOMPOTX>
    <SEOCOMPOTX>
     <CLSNAME>YCL_FINS_TDD_POST</CLSNAME>
     <CMPNAME>GET_UNIQUE_CURTPS</CMPNAME>
     <LANGU>E</LANGU>
     <DESCRIPT>Get list of unique CURTPs</DESCRIPT>
    </SEOCOMPOTX>
    <SEOCOMPOTX>
     <CLSNAME>YCL_FINS_TDD_POST</CLSNAME>
     <CMPNAME>GET_VERSN_VALUTYP_4_LDGRP</CMPNAME>
     <LANGU>E</LANGU>
     <DESCRIPT>Get relevant versions of ledger group</DESCRIPT>
    </SEOCOMPOTX>
    <SEOCOMPOTX>
     <CLSNAME>YCL_FINS_TDD_POST</CLSNAME>
     <CMPNAME>GTS_UNIQUE_CURTP</CMPNAME>
     <LANGU>E</LANGU>
     <DESCRIPT>Unique CURTPs according to FI customizing</DESCRIPT>
    </SEOCOMPOTX>
    <SEOCOMPOTX>
     <CLSNAME>YCL_FINS_TDD_POST</CLSNAME>
     <CMPNAME>GT_ADD_ACDOC_CURR</CMPNAME>
     <LANGU>E</LANGU>
     <DESCRIPT>SFIN: Unified JE - Runtime table type for currencies</DESCRIPT>
    </SEOCOMPOTX>
    <SEOCOMPOTX>
     <CLSNAME>YCL_FINS_TDD_POST</CLSNAME>
     <CMPNAME>GT_COEP_ADD</CMPNAME>
     <LANGU>E</LANGU>
     <DESCRIPT>Table Type: COEP_ADD</DESCRIPT>
    </SEOCOMPOTX>
    <SEOCOMPOTX>
     <CLSNAME>YCL_FINS_TDD_POST</CLSNAME>
     <CMPNAME>GV_UNIQUE_CURTP_KOKRS</CMPNAME>
     <LANGU>E</LANGU>
     <DESCRIPT>Controlling Area</DESCRIPT>
    </SEOCOMPOTX>
    <SEOCOMPOTX>
     <CLSNAME>YCL_FINS_TDD_POST</CLSNAME>
     <CMPNAME>INIT_CONFIG_MAPPING</CMPNAME>
     <LANGU>E</LANGU>
     <DESCRIPT>Read configuration mapping for document</DESCRIPT>
    </SEOCOMPOTX>
    <SEOCOMPOTX>
     <CLSNAME>YCL_FINS_TDD_POST</CLSNAME>
     <CMPNAME>IS_SECONDARY_PROCESS</CMPNAME>
     <LANGU>E</LANGU>
     <DESCRIPT>Is business transaction a secondary process?</DESCRIPT>
    </SEOCOMPOTX>
    <SEOCOMPOTX>
     <CLSNAME>YCL_FINS_TDD_POST</CLSNAME>
     <CMPNAME>MAP_COEP_ADD_2_TARGET_CMPY</CMPNAME>
     <LANGU>E</LANGU>
     <DESCRIPT>Map COEP_ADD to target company</DESCRIPT>
    </SEOCOMPOTX>
    <SEOCOMPOTX>
     <CLSNAME>YCL_FINS_TDD_POST</CLSNAME>
     <CMPNAME>MAP_COEP_ADD_2_TARGET_CMPY_LDG</CMPNAME>
     <LANGU>E</LANGU>
     <DESCRIPT>Map COEP_ADD to target company</DESCRIPT>
    </SEOCOMPOTX>
    <SEOCOMPOTX>
     <CLSNAME>YCL_FINS_TDD_POST</CLSNAME>
     <CMPNAME>MAP_COEP_ADD_2_TARGET_CMPY_OLD</CMPNAME>
     <LANGU>E</LANGU>
     <DESCRIPT>Map COEP_ADD to target company</DESCRIPT>
    </SEOCOMPOTX>
    <SEOCOMPOTX>
     <CLSNAME>YCL_FINS_TDD_POST</CLSNAME>
     <CMPNAME>MAP_WXGBTR_CROSS_CMPY</CMPNAME>
     <LANGU>E</LANGU>
     <DESCRIPT>Map CURTP and Currency Key for cross company allocation</DESCRIPT>
    </SEOCOMPOTX>
    <SEOCOMPOTX>
     <CLSNAME>YCL_FINS_TDD_POST</CLSNAME>
     <CMPNAME>MOVE_CURRENCY_FIELDS</CMPNAME>
     <LANGU>E</LANGU>
     <DESCRIPT>Map values of CO document to accounting document values</DESCRIPT>
    </SEOCOMPOTX>
    <SEOCOMPOTX>
     <CLSNAME>YCL_FINS_TDD_POST</CLSNAME>
     <CMPNAME>PERFORM_RWIN</CMPNAME>
     <LANGU>E</LANGU>
     <DESCRIPT>Perform RWIN Function Modules</DESCRIPT>
    </SEOCOMPOTX>
    <SEOCOMPOTX>
     <CLSNAME>YCL_FINS_TDD_POST</CLSNAME>
     <CMPNAME>POST_RWIN</CMPNAME>
     <LANGU>E</LANGU>
     <DESCRIPT>Do RWIN Checks for ALE Data</DESCRIPT>
    </SEOCOMPOTX>
    <SEOCOMPOTX>
     <CLSNAME>YCL_FINS_TDD_POST</CLSNAME>
     <CMPNAME>POST_SECONDARY_PROCESSES</CMPNAME>
     <LANGU>E</LANGU>
     <DESCRIPT>Post secondary processes</DESCRIPT>
    </SEOCOMPOTX>
    <SEOCOMPOTX>
     <CLSNAME>YCL_FINS_TDD_POST</CLSNAME>
     <CMPNAME>REDUCE_CURTP_TO_ADD_CURR</CMPNAME>
     <LANGU>E</LANGU>
     <DESCRIPT>Reduce currency types to additional currencies</DESCRIPT>
    </SEOCOMPOTX>
    <SEOCOMPOTX>
     <CLSNAME>YCL_FINS_TDD_POST</CLSNAME>
     <CMPNAME>SET_TARGET_LEDGER_GROUPS</CMPNAME>
     <LANGU>E</LANGU>
     <DESCRIPT>Set list of target ledger groups</DESCRIPT>
    </SEOCOMPOTX>
    <SEOCOMPOTX>
     <CLSNAME>YCL_FINS_TDD_POST</CLSNAME>
     <CMPNAME>SPLIT_POSTING_EVENT</CMPNAME>
     <LANGU>E</LANGU>
     <DESCRIPT>Split posting event into separate postings per ledger group</DESCRIPT>
    </SEOCOMPOTX>
    <SEOCOMPOTX>
     <CLSNAME>YCL_FINS_TDD_POST</CLSNAME>
     <CMPNAME>TRANSFER_DOCS_TO_ACC</CMPNAME>
     <LANGU>E</LANGU>
     <DESCRIPT>Transfer documents to accounting for checking</DESCRIPT>
    </SEOCOMPOTX>
    <SEOCOMPOTX>
     <CLSNAME>YCL_FINS_TDD_POST</CLSNAME>
     <CMPNAME>TRANSFORM_COBK_TO_ACDOC_HEADER</CMPNAME>
     <LANGU>E</LANGU>
     <DESCRIPT>Transform structure COBK to FINS_ACDOC_HEADER</DESCRIPT>
    </SEOCOMPOTX>
    <SEOCOMPOTX>
     <CLSNAME>YCL_FINS_TDD_POST</CLSNAME>
     <CMPNAME>TRANSFORM_CODOCS_INTO_UJE</CMPNAME>
     <LANGU>E</LANGU>
     <DESCRIPT>Transform structure of CO Docs into Unified Journal Entry</DESCRIPT>
    </SEOCOMPOTX>
    <SEOCOMPOTX>
     <CLSNAME>YCL_FINS_TDD_POST</CLSNAME>
     <CMPNAME>TRANSFORM_COEP_TO_ACDOC_ITEM</CMPNAME>
     <LANGU>E</LANGU>
     <DESCRIPT>Transform structure COEP to FINS_ACDOC_ITEM</DESCRIPT>
    </SEOCOMPOTX>
    <SEOCOMPOTX>
     <CLSNAME>YCL_FINS_TDD_POST</CLSNAME>
     <CMPNAME>TRANSFORM_COEP_TO_ACDOC_ITEM_N</CMPNAME>
     <LANGU>E</LANGU>
     <DESCRIPT>Transform structure COEP to FINS_ACDOC_ITEM</DESCRIPT>
    </SEOCOMPOTX>
    <SEOCOMPOTX>
     <CLSNAME>YCL_FINS_TDD_POST</CLSNAME>
     <CMPNAME>TS_MAP_WXGBTR</CMPNAME>
     <LANGU>E</LANGU>
     <DESCRIPT>Mapping of CURTPs and their currency keys</DESCRIPT>
    </SEOCOMPOTX>
    <SEOCOMPOTX>
     <CLSNAME>YCL_FINS_TDD_POST</CLSNAME>
     <CMPNAME>TY_S_LDGRP_ACDOC</CMPNAME>
     <LANGU>E</LANGU>
     <DESCRIPT>Posting for target ledger group</DESCRIPT>
    </SEOCOMPOTX>
    <SEOCOMPOTX>
     <CLSNAME>YCL_FINS_TDD_POST</CLSNAME>
     <CMPNAME>TY_S_POSTING_EVENT</CMPNAME>
     <LANGU>E</LANGU>
     <DESCRIPT>Posting event information</DESCRIPT>
    </SEOCOMPOTX>
    <SEOCOMPOTX>
     <CLSNAME>YCL_FINS_TDD_POST</CLSNAME>
     <CMPNAME>TY_S_POSTING_EVENT_KEY</CMPNAME>
     <LANGU>E</LANGU>
     <DESCRIPT>Key of posting event</DESCRIPT>
    </SEOCOMPOTX>
    <SEOCOMPOTX>
     <CLSNAME>YCL_FINS_TDD_POST</CLSNAME>
     <CMPNAME>TY_S_POSTING_REF_MAPPING</CMPNAME>
     <LANGU>E</LANGU>
     <DESCRIPT>Mapping of posting event reference</DESCRIPT>
    </SEOCOMPOTX>
    <SEOCOMPOTX>
     <CLSNAME>YCL_FINS_TDD_POST</CLSNAME>
     <CMPNAME>TY_S_PRECEEDING_DOC</CMPNAME>
     <LANGU>E</LANGU>
     <DESCRIPT>Reference to preceeding item</DESCRIPT>
    </SEOCOMPOTX>
    <SEOCOMPOTX>
     <CLSNAME>YCL_FINS_TDD_POST</CLSNAME>
     <CMPNAME>TY_S_REPOSTING_ITEM</CMPNAME>
     <LANGU>E</LANGU>
     <DESCRIPT>Reference to reposted item</DESCRIPT>
    </SEOCOMPOTX>
    <SEOCOMPOTX>
     <CLSNAME>YCL_FINS_TDD_POST</CLSNAME>
     <CMPNAME>TY_S_UNIQUE_CURTP</CMPNAME>
     <LANGU>E</LANGU>
     <DESCRIPT>Unique CURTPs</DESCRIPT>
    </SEOCOMPOTX>
    <SEOCOMPOTX>
     <CLSNAME>YCL_FINS_TDD_POST</CLSNAME>
     <CMPNAME>TY_TS_UNIQUE_CURTP</CMPNAME>
     <LANGU>E</LANGU>
     <DESCRIPT>Table of unique CURTPs</DESCRIPT>
    </SEOCOMPOTX>
    <SEOCOMPOTX>
     <CLSNAME>YCL_FINS_TDD_POST</CLSNAME>
     <CMPNAME>TY_T_COEP_ADD</CMPNAME>
     <LANGU>E</LANGU>
     <DESCRIPT>Additional fields for table COEP</DESCRIPT>
    </SEOCOMPOTX>
    <SEOCOMPOTX>
     <CLSNAME>YCL_FINS_TDD_POST</CLSNAME>
     <CMPNAME>TY_T_LDGRP_ACDOC</CMPNAME>
     <LANGU>E</LANGU>
     <DESCRIPT>List of postings per target edger group</DESCRIPT>
    </SEOCOMPOTX>
    <SEOCOMPOTX>
     <CLSNAME>YCL_FINS_TDD_POST</CLSNAME>
     <CMPNAME>TY_T_MESG</CMPNAME>
     <LANGU>E</LANGU>
     <DESCRIPT>Message collector</DESCRIPT>
    </SEOCOMPOTX>
    <SEOCOMPOTX>
     <CLSNAME>YCL_FINS_TDD_POST</CLSNAME>
     <CMPNAME>TY_T_POSTING_EVENT</CMPNAME>
     <LANGU>E</LANGU>
     <DESCRIPT>Table of posting event information</DESCRIPT>
    </SEOCOMPOTX>
    <SEOCOMPOTX>
     <CLSNAME>YCL_FINS_TDD_POST</CLSNAME>
     <CMPNAME>TY_T_POSTING_REF_MAPPING</CMPNAME>
     <LANGU>E</LANGU>
     <DESCRIPT>Mapping table of posting references</DESCRIPT>
    </SEOCOMPOTX>
    <SEOCOMPOTX>
     <CLSNAME>YCL_FINS_TDD_POST</CLSNAME>
     <CMPNAME>TY_T_PRECEEDING_DOC</CMPNAME>
     <LANGU>E</LANGU>
     <DESCRIPT>Table of references to preceeding items</DESCRIPT>
    </SEOCOMPOTX>
    <SEOCOMPOTX>
     <CLSNAME>YCL_FINS_TDD_POST</CLSNAME>
     <CMPNAME>TY_T_REPOSTING_ITEM</CMPNAME>
     <LANGU>E</LANGU>
     <DESCRIPT>Table of referenes to reposted items</DESCRIPT>
    </SEOCOMPOTX>
    <SEOCOMPOTX>
     <CLSNAME>YCL_FINS_TDD_POST</CLSNAME>
     <CMPNAME>_MOVE_CURTP_SOURCE_2_TARGET</CMPNAME>
     <LANGU>E</LANGU>
     <DESCRIPT>Move identical currency types</DESCRIPT>
    </SEOCOMPOTX>
   </DESCRIPTIONS>
  </asx:values>
 </asx:abap>
</abapGit>
