﻿<?xml version="1.0" encoding="utf-8"?>
<abapGit version="v1.0.0" serializer="LCL_OBJECT_CLAS" serializer_version="v1.0.0">
 <asx:abap xmlns:asx="http://www.sap.com/abapxml" version="1.0">
  <asx:values>
   <VSEOCLASS>
    <CLSNAME>YCL_FINS_CODOC_EXT_UTIL</CLSNAME>
    <VERSION>1</VERSION>
    <LANGU>E</LANGU>
    <DESCRIPT>Extended CO document utilities</DESCRIPT>
    <EXPOSURE>2</EXPOSURE>
    <STATE>1</STATE>
    <CLSFINAL>X</CLSFINAL>
    <CLSCCINCL>X</CLSCCINCL>
    <FIXPT>X</FIXPT>
    <UNICODE>X</UNICODE>
   </VSEOCLASS>
   <DESCRIPTIONS>
    <SEOCOMPOTX>
     <CLSNAME>YCL_FINS_CODOC_EXT_UTIL</CLSNAME>
     <CMPNAME>CALCULATE_FULL_VERSIONS</CMPNAME>
     <LANGU>E</LANGU>
     <DESCRIPT>Calculate full version of extended CO line items</DESCRIPT>
    </SEOCOMPOTX>
    <SEOCOMPOTX>
     <CLSNAME>YCL_FINS_CODOC_EXT_UTIL</CLSNAME>
     <CMPNAME>CONSTRUCTOR</CMPNAME>
     <LANGU>E</LANGU>
     <DESCRIPT>CONSTRUCTOR</DESCRIPT>
    </SEOCOMPOTX>
    <SEOCOMPOTX>
     <CLSNAME>YCL_FINS_CODOC_EXT_UTIL</CLSNAME>
     <CMPNAME>GET_BASIC_ITEMS</CMPNAME>
     <LANGU>E</LANGU>
     <DESCRIPT>Get extended CO line items of version 000</DESCRIPT>
    </SEOCOMPOTX>
    <SEOCOMPOTX>
     <CLSNAME>YCL_FINS_CODOC_EXT_UTIL</CLSNAME>
     <CMPNAME>GET_FULL_VERSN_FOR_DELTA_ITEMS</CMPNAME>
     <LANGU>E</LANGU>
     <DESCRIPT>Add full version item of delta version items</DESCRIPT>
    </SEOCOMPOTX>
    <SEOCOMPOTX>
     <CLSNAME>YCL_FINS_CODOC_EXT_UTIL</CLSNAME>
     <CMPNAME>GET_WHITELIST_4_GEN_SELECT</CMPNAME>
     <LANGU>E</LANGU>
     <DESCRIPT>Get white list for generic select</DESCRIPT>
    </SEOCOMPOTX>
    <SEOCOMPOTX>
     <CLSNAME>YCL_FINS_CODOC_EXT_UTIL</CLSNAME>
     <CMPNAME>GT_ALLOWED_FIELD</CMPNAME>
     <LANGU>E</LANGU>
     <DESCRIPT>Quantity of Strings (Unique)</DESCRIPT>
    </SEOCOMPOTX>
    <SEOCOMPOTX>
     <CLSNAME>YCL_FINS_CODOC_EXT_UTIL</CLSNAME>
     <CMPNAME>MT_COBK</CMPNAME>
     <LANGU>E</LANGU>
     <DESCRIPT>Table for Document Headers</DESCRIPT>
    </SEOCOMPOTX>
    <SEOCOMPOTX>
     <CLSNAME>YCL_FINS_CODOC_EXT_UTIL</CLSNAME>
     <CMPNAME>MT_COEP_EXT_000</CMPNAME>
     <LANGU>E</LANGU>
     <DESCRIPT>Table of line items of version 000</DESCRIPT>
    </SEOCOMPOTX>
    <SEOCOMPOTX>
     <CLSNAME>YCL_FINS_CODOC_EXT_UTIL</CLSNAME>
     <CMPNAME>MT_VERSN</CMPNAME>
     <LANGU>E</LANGU>
     <DESCRIPT>Table of CO versions</DESCRIPT>
    </SEOCOMPOTX>
    <SEOCOMPOTX>
     <CLSNAME>YCL_FINS_CODOC_EXT_UTIL</CLSNAME>
     <CMPNAME>SECURITY_CHECK</CMPNAME>
     <LANGU>E</LANGU>
     <DESCRIPT>Check white list for column names</DESCRIPT>
    </SEOCOMPOTX>
   </DESCRIPTIONS>
  </asx:values>
 </asx:abap>
</abapGit>
