﻿<?xml version="1.0" encoding="utf-8"?>
<abapGit version="v1.0.0" serializer="LCL_OBJECT_CLAS" serializer_version="v1.0.0">
 <asx:abap xmlns:asx="http://www.sap.com/abapxml" version="1.0">
  <asx:values>
   <VSEOCLASS>
    <CLSNAME>YCL_FINS_TDD_DISTRIBUTOR</CLSNAME>
    <VERSION>1</VERSION>
    <LANGU>E</LANGU>
    <DESCRIPT>Distribute values for TDD</DESCRIPT>
    <EXPOSURE>2</EXPOSURE>
    <STATE>1</STATE>
    <CLSCCINCL>X</CLSCCINCL>
    <FIXPT>X</FIXPT>
    <UNICODE>X</UNICODE>
   </VSEOCLASS>
   <DESCRIPTIONS>
    <SEOCOMPOTX>
     <CLSNAME>YCL_FINS_TDD_DISTRIBUTOR</CLSNAME>
     <CMPNAME>CONSTRUCTOR</CMPNAME>
     <LANGU>E</LANGU>
     <DESCRIPT>CONSTRUCTOR</DESCRIPT>
    </SEOCOMPOTX>
    <SEOCOMPOTX>
     <CLSNAME>YCL_FINS_TDD_DISTRIBUTOR</CLSNAME>
     <CMPNAME>DISTRIBUTE_ON_OBJECT</CMPNAME>
     <LANGU>E</LANGU>
     <DESCRIPT>Distribution of value on each sender</DESCRIPT>
    </SEOCOMPOTX>
    <SEOCOMPOTX>
     <CLSNAME>YCL_FINS_TDD_DISTRIBUTOR</CLSNAME>
     <CMPNAME>GC_FISCALYEAR</CMPNAME>
     <LANGU>E</LANGU>
     <DESCRIPT>Field Name</DESCRIPT>
    </SEOCOMPOTX>
    <SEOCOMPOTX>
     <CLSNAME>YCL_FINS_TDD_DISTRIBUTOR</CLSNAME>
     <CMPNAME>MB_PERKUM</CMPNAME>
     <LANGU>E</LANGU>
     <DESCRIPT>Data element for domain BOOLE: TRUE (=&apos;X&apos;) and FALSE (=&apos; &apos;)</DESCRIPT>
    </SEOCOMPOTX>
    <SEOCOMPOTX>
     <CLSNAME>YCL_FINS_TDD_DISTRIBUTOR</CLSNAME>
     <CMPNAME>MB_SINGLE_REFER</CMPNAME>
     <LANGU>E</LANGU>
     <DESCRIPT>Data element for domain BOOLE: TRUE (=&apos;X&apos;) and FALSE (=&apos; &apos;)</DESCRIPT>
    </SEOCOMPOTX>
    <SEOCOMPOTX>
     <CLSNAME>YCL_FINS_TDD_DISTRIBUTOR</CLSNAME>
     <CMPNAME>MO_CONFIGURATION</CMPNAME>
     <LANGU>E</LANGU>
     <DESCRIPT>IF for tdd configuration</DESCRIPT>
    </SEOCOMPOTX>
    <SEOCOMPOTX>
     <CLSNAME>YCL_FINS_TDD_DISTRIBUTOR</CLSNAME>
     <CMPNAME>MV_NEGFLAG</CMPNAME>
     <LANGU>E</LANGU>
     <DESCRIPT>Processing Algorithm for Negative Values</DESCRIPT>
    </SEOCOMPOTX>
    <SEOCOMPOTX>
     <CLSNAME>YCL_FINS_TDD_DISTRIBUTOR</CLSNAME>
     <CMPNAME>MV_ONLY_FLNOREC</CMPNAME>
     <LANGU>E</LANGU>
     <DESCRIPT>Data element for domain BOOLE: TRUE (=&apos;X&apos;) and FALSE (=&apos; &apos;)</DESCRIPT>
    </SEOCOMPOTX>
    <SEOCOMPOTX>
     <CLSNAME>YCL_FINS_TDD_DISTRIBUTOR</CLSNAME>
     <CMPNAME>MV_PERFLAG</CMPNAME>
     <LANGU>E</LANGU>
     <DESCRIPT>Period-type indicator</DESCRIPT>
    </SEOCOMPOTX>
    <SEOCOMPOTX>
     <CLSNAME>YCL_FINS_TDD_DISTRIBUTOR</CLSNAME>
     <CMPNAME>MV_PERIV</CMPNAME>
     <LANGU>E</LANGU>
     <DESCRIPT>Fiscal Year Variant</DESCRIPT>
    </SEOCOMPOTX>
    <SEOCOMPOTX>
     <CLSNAME>YCL_FINS_TDD_DISTRIBUTOR</CLSNAME>
     <CMPNAME>MV_SINGLE_REFER_FIELD</CMPNAME>
     <LANGU>E</LANGU>
     <DESCRIPT>Field Name</DESCRIPT>
    </SEOCOMPOTX>
   </DESCRIPTIONS>
  </asx:values>
 </asx:abap>
</abapGit>
