﻿<?xml version="1.0" encoding="utf-8"?>
<abapGit version="v1.0.0" serializer="LCL_OBJECT_CLAS" serializer_version="v1.0.0">
 <asx:abap xmlns:asx="http://www.sap.com/abapxml" version="1.0">
  <asx:values>
   <VSEOCLASS>
    <CLSNAME>YCL_FINS_TDD_HASH_MAPPER</CLSNAME>
    <VERSION>1</VERSION>
    <LANGU>E</LANGU>
    <DESCRIPT>Hash Mapping for TDD engine</DESCRIPT>
    <EXPOSURE>2</EXPOSURE>
    <STATE>1</STATE>
    <CLSFINAL>X</CLSFINAL>
    <CLSCCINCL>X</CLSCCINCL>
    <FIXPT>X</FIXPT>
    <UNICODE>X</UNICODE>
   </VSEOCLASS>
   <DESCRIPTIONS>
    <SEOCOMPOTX>
     <CLSNAME>YCL_FINS_TDD_HASH_MAPPER</CLSNAME>
     <CMPNAME>MR_CONFIG</CMPNAME>
     <LANGU>E</LANGU>
     <DESCRIPT>IF for tdd configuration</DESCRIPT>
    </SEOCOMPOTX>
    <SEOCOMPOTX>
     <CLSNAME>YCL_FINS_TDD_HASH_MAPPER</CLSNAME>
     <CMPNAME>MR_REF</CMPNAME>
     <LANGU>E</LANGU>
     <DESCRIPT>TDD READER</DESCRIPT>
    </SEOCOMPOTX>
    <SEOCOMPOTX>
     <CLSNAME>YCL_FINS_TDD_HASH_MAPPER</CLSNAME>
     <CMPNAME>MR_SENDER</CMPNAME>
     <LANGU>E</LANGU>
     <DESCRIPT>TDD READER</DESCRIPT>
    </SEOCOMPOTX>
   </DESCRIPTIONS>
  </asx:values>
 </asx:abap>
</abapGit>
