﻿<?xml version="1.0" encoding="utf-8"?>
<abapGit version="v1.0.0" serializer="LCL_OBJECT_CLAS" serializer_version="v1.0.0">
 <asx:abap xmlns:asx="http://www.sap.com/abapxml" version="1.0">
  <asx:values>
   <VSEOCLASS>
    <CLSNAME>YCL_FINS_TDD_CONFIG_LOADER</CLSNAME>
    <VERSION>1</VERSION>
    <LANGU>E</LANGU>
    <DESCRIPT>config loader for tdd</DESCRIPT>
    <EXPOSURE>2</EXPOSURE>
    <STATE>1</STATE>
    <CLSFINAL>X</CLSFINAL>
    <CLSCCINCL>X</CLSCCINCL>
    <FIXPT>X</FIXPT>
    <UNICODE>X</UNICODE>
    <WITH_UNIT_TESTS>X</WITH_UNIT_TESTS>
   </VSEOCLASS>
   <DESCRIPTIONS>
    <SEOCOMPOTX>
     <CLSNAME>YCL_FINS_TDD_CONFIG_LOADER</CLSNAME>
     <CMPNAME>GET_TEMPLATE_FIELDS</CMPNAME>
     <LANGU>E</LANGU>
     <DESCRIPT>Get Characteristic Fields</DESCRIPT>
    </SEOCOMPOTX>
    <SEOCOMPOTX>
     <CLSNAME>YCL_FINS_TDD_CONFIG_LOADER</CLSNAME>
     <CMPNAME>YT_T811I</CMPNAME>
     <LANGU>E</LANGU>
     <DESCRIPT>Characterstic Fields for TDD Template View Cluster Template</DESCRIPT>
    </SEOCOMPOTX>
   </DESCRIPTIONS>
  </asx:values>
 </asx:abap>
</abapGit>
