﻿<?xml version="1.0" encoding="utf-8"?>
<abapGit version="v1.0.0" serializer="LCL_OBJECT_CLAS" serializer_version="v1.0.0">
 <asx:abap xmlns:asx="http://www.sap.com/abapxml" version="1.0">
  <asx:values>
   <VSEOCLASS>
    <CLSNAME>YCL_FINS_TDD_POST_INTF</CLSNAME>
    <VERSION>1</VERSION>
    <LANGU>E</LANGU>
    <DESCRIPT>Unified Journal Entry: Posting Interface</DESCRIPT>
    <EXPOSURE>2</EXPOSURE>
    <STATE>1</STATE>
    <CLSFINAL>X</CLSFINAL>
    <CLSCCINCL>X</CLSCCINCL>
    <FIXPT>X</FIXPT>
    <UNICODE>X</UNICODE>
   </VSEOCLASS>
   <DESCRIPTIONS>
    <SEOCOMPOTX>
     <CLSNAME>YCL_FINS_TDD_POST_INTF</CLSNAME>
     <CMPNAME>CHECK_AND_DETERMINE</CMPNAME>
     <LANGU>E</LANGU>
     <DESCRIPT>Execute checks and derivations of fields</DESCRIPT>
    </SEOCOMPOTX>
    <SEOCOMPOTX>
     <CLSNAME>YCL_FINS_TDD_POST_INTF</CLSNAME>
     <CMPNAME>CHECK_AND_POST</CMPNAME>
     <LANGU>E</LANGU>
     <DESCRIPT>Execute checks /derivations and trigger posting</DESCRIPT>
    </SEOCOMPOTX>
    <SEOCOMPOTX>
     <CLSNAME>YCL_FINS_TDD_POST_INTF</CLSNAME>
     <CMPNAME>CHECK_COBL</CMPNAME>
     <LANGU>E</LANGU>
     <DESCRIPT>check account assignment</DESCRIPT>
    </SEOCOMPOTX>
    <SEOCOMPOTX>
     <CLSNAME>YCL_FINS_TDD_POST_INTF</CLSNAME>
     <CMPNAME>CONSTRUCTOR</CMPNAME>
     <LANGU>E</LANGU>
     <DESCRIPT>Create Unified Journal Entry (in temp. buffer)</DESCRIPT>
    </SEOCOMPOTX>
    <SEOCOMPOTX>
     <CLSNAME>YCL_FINS_TDD_POST_INTF</CLSNAME>
     <CMPNAME>MO_ACDOC_DATA</CMPNAME>
     <LANGU>E</LANGU>
     <DESCRIPT>data container ACCDOC_ITEM data</DESCRIPT>
    </SEOCOMPOTX>
    <SEOCOMPOTX>
     <CLSNAME>YCL_FINS_TDD_POST_INTF</CLSNAME>
     <CMPNAME>MO_ACDOC_POST_DATA</CMPNAME>
     <LANGU>E</LANGU>
     <DESCRIPT>Data container for EVENT &apos;POST&apos;</DESCRIPT>
    </SEOCOMPOTX>
    <SEOCOMPOTX>
     <CLSNAME>YCL_FINS_TDD_POST_INTF</CLSNAME>
     <CMPNAME>MS_RESTRICTIONS</CMPNAME>
     <LANGU>E</LANGU>
     <DESCRIPT>Restrictions that can be overridden</DESCRIPT>
    </SEOCOMPOTX>
    <SEOCOMPOTX>
     <CLSNAME>YCL_FINS_TDD_POST_INTF</CLSNAME>
     <CMPNAME>OVERRIDE_RESTRICTIONS</CMPNAME>
     <LANGU>E</LANGU>
     <DESCRIPT>Override restrictions (internal use only)</DESCRIPT>
    </SEOCOMPOTX>
    <SEOCOMPOTX>
     <CLSNAME>YCL_FINS_TDD_POST_INTF</CLSNAME>
     <CMPNAME>POST</CMPNAME>
     <LANGU>E</LANGU>
     <DESCRIPT>Execute the posting</DESCRIPT>
    </SEOCOMPOTX>
    <SEOCOMPOTX>
     <CLSNAME>YCL_FINS_TDD_POST_INTF</CLSNAME>
     <CMPNAME>POST_SECONDARY</CMPNAME>
     <LANGU>E</LANGU>
     <DESCRIPT>Post secondary processes</DESCRIPT>
    </SEOCOMPOTX>
    <SEOCOMPOTX>
     <CLSNAME>YCL_FINS_TDD_POST_INTF</CLSNAME>
     <CMPNAME>REPLACE_CO_BELNR_MAPPING</CMPNAME>
     <LANGU>E</LANGU>
     <DESCRIPT>Replace temporary CO doc. number for explicit reversal</DESCRIPT>
    </SEOCOMPOTX>
    <SEOCOMPOTX>
     <CLSNAME>YCL_FINS_TDD_POST_INTF</CLSNAME>
     <CMPNAME>REVERSE</CMPNAME>
     <LANGU>E</LANGU>
     <DESCRIPT>Reverse a (realignment) posting</DESCRIPT>
    </SEOCOMPOTX>
    <SEOCOMPOTX>
     <CLSNAME>YCL_FINS_TDD_POST_INTF</CLSNAME>
     <CMPNAME>REVERSE_BY_REFERENCE</CMPNAME>
     <LANGU>E</LANGU>
     <DESCRIPT>Reverse ACDOCA and BKPF by reference (true reversal)</DESCRIPT>
    </SEOCOMPOTX>
    <SEOCOMPOTX>
     <CLSNAME>YCL_FINS_TDD_POST_INTF</CLSNAME>
     <CMPNAME>SET_FINAL_AWFIELD_MAPPING</CMPNAME>
     <LANGU>E</LANGU>
     <DESCRIPT>Get the document number and set the reference fields</DESCRIPT>
    </SEOCOMPOTX>
   </DESCRIPTIONS>
  </asx:values>
 </asx:abap>
</abapGit>
