﻿<?xml version="1.0" encoding="utf-8"?>
<abapGit version="v1.0.0" serializer="LCL_OBJECT_CLAS" serializer_version="v1.0.0">
 <asx:abap xmlns:asx="http://www.sap.com/abapxml" version="1.0">
  <asx:values>
   <VSEOCLASS>
    <CLSNAME>YCL_FINS_TDD_CONFIG_MANAGER</CLSNAME>
    <VERSION>1</VERSION>
    <LANGU>E</LANGU>
    <DESCRIPT>Manage of configuration for TDD</DESCRIPT>
    <STATE>1</STATE>
    <CLSFINAL>X</CLSFINAL>
    <CLSCCINCL>X</CLSCCINCL>
    <FIXPT>X</FIXPT>
    <UNICODE>X</UNICODE>
   </VSEOCLASS>
   <DESCRIPTIONS>
    <SEOCOMPOTX>
     <CLSNAME>YCL_FINS_TDD_CONFIG_MANAGER</CLSNAME>
     <CMPNAME>GC_TABNAME</CMPNAME>
     <LANGU>E</LANGU>
     <DESCRIPT>Table Name</DESCRIPT>
    </SEOCOMPOTX>
    <SEOCOMPOTX>
     <CLSNAME>YCL_FINS_TDD_CONFIG_MANAGER</CLSNAME>
     <CMPNAME>MO_TEMPLATE</CMPNAME>
     <LANGU>E</LANGU>
     <DESCRIPT>test class for TDD template</DESCRIPT>
    </SEOCOMPOTX>
    <SEOCOMPOTX>
     <CLSNAME>YCL_FINS_TDD_CONFIG_MANAGER</CLSNAME>
     <CMPNAME>MV_CUM</CMPNAME>
     <LANGU>E</LANGU>
     <DESCRIPT>Data element for domain BOOLE: TRUE (=&apos;X&apos;) and FALSE (=&apos; &apos;)</DESCRIPT>
    </SEOCOMPOTX>
    <SEOCOMPOTX>
     <CLSNAME>YCL_FINS_TDD_CONFIG_MANAGER</CLSNAME>
     <CMPNAME>MV_ERKRS</CMPNAME>
     <LANGU>E</LANGU>
     <DESCRIPT>Operating concern</DESCRIPT>
    </SEOCOMPOTX>
    <SEOCOMPOTX>
     <CLSNAME>YCL_FINS_TDD_CONFIG_MANAGER</CLSNAME>
     <CMPNAME>MV_NEGFLAG</CMPNAME>
     <LANGU>E</LANGU>
     <DESCRIPT>Indicator: Scale Negative Tracing Factors</DESCRIPT>
    </SEOCOMPOTX>
    <SEOCOMPOTX>
     <CLSNAME>YCL_FINS_TDD_CONFIG_MANAGER</CLSNAME>
     <CMPNAME>MV_RATIOBASE</CMPNAME>
     <LANGU>E</LANGU>
     <DESCRIPT>Field group</DESCRIPT>
    </SEOCOMPOTX>
    <SEOCOMPOTX>
     <CLSNAME>YCL_FINS_TDD_CONFIG_MANAGER</CLSNAME>
     <CMPNAME>MV_TDD_TYPE</CMPNAME>
     <LANGU>E</LANGU>
     <DESCRIPT>TDD Type</DESCRIPT>
    </SEOCOMPOTX>
    <SEOCOMPOTX>
     <CLSNAME>YCL_FINS_TDD_CONFIG_MANAGER</CLSNAME>
     <CMPNAME>MV_VALUEFIELD_PROC</CMPNAME>
     <LANGU>E</LANGU>
     <DESCRIPT>Value Field</DESCRIPT>
    </SEOCOMPOTX>
   </DESCRIPTIONS>
  </asx:values>
 </asx:abap>
</abapGit>
