﻿<?xml version="1.0" encoding="utf-8"?>
<abapGit version="v1.0.0" serializer="LCL_OBJECT_CLAS" serializer_version="v1.0.0">
 <asx:abap xmlns:asx="http://www.sap.com/abapxml" version="1.0">
  <asx:values>
   <VSEOCLASS>
    <CLSNAME>YCL_FINS_TDD_TEMPLATE</CLSNAME>
    <VERSION>1</VERSION>
    <LANGU>E</LANGU>
    <DESCRIPT>test class for TDD template</DESCRIPT>
    <EXPOSURE>2</EXPOSURE>
    <STATE>1</STATE>
    <CLSFINAL>X</CLSFINAL>
    <CLSCCINCL>X</CLSCCINCL>
    <FIXPT>X</FIXPT>
    <UNICODE>X</UNICODE>
    <WITH_UNIT_TESTS>X</WITH_UNIT_TESTS>
   </VSEOCLASS>
   <DESCRIPTIONS>
    <SEOCOMPOTX>
     <CLSNAME>YCL_FINS_TDD_TEMPLATE</CLSNAME>
     <CMPNAME>FILTER_TEMP_CHARS</CMPNAME>
     <LANGU>E</LANGU>
     <DESCRIPT>Filter TDD Template Characteristic Fields</DESCRIPT>
    </SEOCOMPOTX>
    <SEOCOMPOTX>
     <CLSNAME>YCL_FINS_TDD_TEMPLATE</CLSNAME>
     <CMPNAME>MO_PARENT_CFG_MGR</CMPNAME>
     <LANGU>E</LANGU>
     <DESCRIPT>Manage of configuration for TDD</DESCRIPT>
    </SEOCOMPOTX>
    <SEOCOMPOTX>
     <CLSNAME>YCL_FINS_TDD_TEMPLATE</CLSNAME>
     <CMPNAME>MV_ERKRS</CMPNAME>
     <LANGU>E</LANGU>
     <DESCRIPT>Operating concern</DESCRIPT>
    </SEOCOMPOTX>
    <SEOCOMPOTX>
     <CLSNAME>YCL_FINS_TDD_TEMPLATE</CLSNAME>
     <CMPNAME>MV_TEMPLATE</CMPNAME>
     <LANGU>E</LANGU>
     <DESCRIPT>Template Name</DESCRIPT>
    </SEOCOMPOTX>
   </DESCRIPTIONS>
  </asx:values>
 </asx:abap>
</abapGit>
