﻿<?xml version="1.0" encoding="utf-8"?>
<abapGit version="v1.0.0" serializer="LCL_OBJECT_CLAS" serializer_version="v1.0.0">
 <asx:abap xmlns:asx="http://www.sap.com/abapxml" version="1.0">
  <asx:values>
   <VSEOCLASS>
    <CLSNAME>YCL_FINS_TDD_PROCESSOR</CLSNAME>
    <VERSION>1</VERSION>
    <LANGU>E</LANGU>
    <DESCRIPT>Distribution processor for new TDD</DESCRIPT>
    <STATE>1</STATE>
    <CLSCCINCL>X</CLSCCINCL>
    <FIXPT>X</FIXPT>
    <UNICODE>X</UNICODE>
    <WITH_UNIT_TESTS>X</WITH_UNIT_TESTS>
   </VSEOCLASS>
   <DESCRIPTIONS>
    <SEOCOMPOTX>
     <CLSNAME>YCL_FINS_TDD_PROCESSOR</CLSNAME>
     <CMPNAME>MO_CONFIG</CMPNAME>
     <LANGU>E</LANGU>
     <DESCRIPT>IF for tdd configuration</DESCRIPT>
    </SEOCOMPOTX>
    <SEOCOMPOTX>
     <CLSNAME>YCL_FINS_TDD_PROCESSOR</CLSNAME>
     <CMPNAME>MO_REFER_READER</CMPNAME>
     <LANGU>E</LANGU>
     <DESCRIPT>Data reader for TDD</DESCRIPT>
    </SEOCOMPOTX>
    <SEOCOMPOTX>
     <CLSNAME>YCL_FINS_TDD_PROCESSOR</CLSNAME>
     <CMPNAME>MO_SOURCE_READER</CMPNAME>
     <LANGU>E</LANGU>
     <DESCRIPT>Data reader for TDD</DESCRIPT>
    </SEOCOMPOTX>
    <SEOCOMPOTX>
     <CLSNAME>YCL_FINS_TDD_PROCESSOR</CLSNAME>
     <CMPNAME>MV_PERFLAG</CMPNAME>
     <LANGU>E</LANGU>
     <DESCRIPT>Period-type indicator</DESCRIPT>
    </SEOCOMPOTX>
    <SEOCOMPOTX>
     <CLSNAME>YCL_FINS_TDD_PROCESSOR</CLSNAME>
     <CMPNAME>MV_PERIV</CMPNAME>
     <LANGU>E</LANGU>
     <DESCRIPT>Fiscal Year Variant</DESCRIPT>
    </SEOCOMPOTX>
   </DESCRIPTIONS>
  </asx:values>
 </asx:abap>
</abapGit>
