﻿<?xml version="1.0" encoding="utf-8"?>
<abapGit version="v1.0.0" serializer="LCL_OBJECT_CLAS" serializer_version="v1.0.0">
 <asx:abap xmlns:asx="http://www.sap.com/abapxml" version="1.0">
  <asx:values>
   <VSEOCLASS>
    <CLSNAME>YCL_FINS_TDD_PAOBJNR</CLSNAME>
    <VERSION>1</VERSION>
    <LANGU>E</LANGU>
    <DESCRIPT>TDD Dummy PAOBJNR</DESCRIPT>
    <EXPOSURE>2</EXPOSURE>
    <STATE>1</STATE>
    <CLSFINAL>X</CLSFINAL>
    <CLSCCINCL>X</CLSCCINCL>
    <FIXPT>X</FIXPT>
    <UNICODE>X</UNICODE>
   </VSEOCLASS>
   <DESCRIPTIONS>
    <SEOCOMPOTX>
     <CLSNAME>YCL_FINS_TDD_PAOBJNR</CLSNAME>
     <CMPNAME>GET_ATTRIBUTE</CMPNAME>
     <LANGU>E</LANGU>
     <DESCRIPT>Get PA Attribute</DESCRIPT>
    </SEOCOMPOTX>
    <SEOCOMPOTX>
     <CLSNAME>YCL_FINS_TDD_PAOBJNR</CLSNAME>
     <CMPNAME>RESET_ATTR</CMPNAME>
     <LANGU>E</LANGU>
     <DESCRIPT>Reset PA Attribute Data</DESCRIPT>
    </SEOCOMPOTX>
    <SEOCOMPOTX>
     <CLSNAME>YCL_FINS_TDD_PAOBJNR</CLSNAME>
     <CMPNAME>SET_ATTRIBUTE</CMPNAME>
     <LANGU>E</LANGU>
     <DESCRIPT>Set PA Attribute</DESCRIPT>
    </SEOCOMPOTX>
   </DESCRIPTIONS>
  </asx:values>
 </asx:abap>
</abapGit>
