﻿<?xml version="1.0" encoding="utf-8"?>
<abapGit version="v1.0.0" serializer="LCL_OBJECT_VCLS" serializer_version="v1.0.0">
 <asx:abap xmlns:asx="http://www.sap.com/abapxml" version="1.0">
  <asx:values>
   <VCLDIR>
    <VCLNAME>YFINS_TDDVC_TEMP</VCLNAME>
    <CHANGEDATE>2018-08-24</CHANGEDATE>
    <EXITPROG>YFINS_TDD_VC_ROUTINE</EXITPROG>
    <TEXT>CFin TDD View Cluster for Template Maintenance</TEXT>
   </VCLDIR>
   <VLCSTRUC_TAB>
    <V_VCLSTRUC>
     <VCLNAME>YFINS_TDDVC_TEMP</VCLNAME>
     <OBJECT>YFINS_TDDV_TMP_H</OBJECT>
     <OBJECTTEXT>Maintain Template Names</OBJECTTEXT>
     <PREDOBJECT>YFINS_TDDV_TMP_H</PREDOBJECT>
     <DEPENDENCY>R</DEPENDENCY>
     <OBJPOS>01</OBJPOS>
     <OBJLEVEL>01</OBJLEVEL>
     <STARTOBJ>X</STARTOBJ>
    </V_VCLSTRUC>
    <V_VCLSTRUC>
     <VCLNAME>YFINS_TDDVC_TEMP</VCLNAME>
     <OBJECT>YFINS_TDDV_TMP_I</OBJECT>
     <OBJECTTEXT>Maintain Template Fields</OBJECTTEXT>
     <PREDOBJECT>YFINS_TDDV_TMP_H</PREDOBJECT>
     <DEPENDENCY>S</DEPENDENCY>
     <OBJPOS>02</OBJPOS>
     <OBJLEVEL>02</OBJLEVEL>
    </V_VCLSTRUC>
   </VLCSTRUC_TAB>
   <VCLSTRUDEP_TAB>
    <V_VCLSTDEP>
     <VCLNAME>YFINS_TDDVC_TEMP</VCLNAME>
     <OBJECT>YFINS_TDDV_TMP_H</OBJECT>
     <PREDOBJECT>YFINS_TDDV_TMP_H</PREDOBJECT>
    </V_VCLSTDEP>
    <V_VCLSTDEP>
     <VCLNAME>YFINS_TDDVC_TEMP</VCLNAME>
     <OBJECT>YFINS_TDDV_TMP_I</OBJECT>
     <OBJFIELD>NAME</OBJFIELD>
     <PREDOBJECT>YFINS_TDDV_TMP_H</PREDOBJECT>
     <PREDFIELD>NAME</PREDFIELD>
    </V_VCLSTDEP>
   </VCLSTRUDEP_TAB>
   <VCLMF_TAB>
    <V_VCLMF>
     <VCLNAME>YFINS_TDDVC_TEMP</VCLNAME>
     <EVENT>10</EVENT>
     <FORMNAME>AFTER_TARGET_10</FORMNAME>
    </V_VCLMF>
   </VCLMF_TAB>
  </asx:values>
 </asx:abap>
</abapGit>
