﻿<?xml version="1.0" encoding="utf-8"?>
<abapGit version="v1.0.0" serializer="LCL_OBJECT_FUGR" serializer_version="v1.0.0">
 <asx:abap xmlns:asx="http://www.sap.com/abapxml" version="1.0">
  <asx:values>
   <AREAT>TDD Post</AREAT>
   <INCLUDES>
    <SOBJ_NAME>LYFINS_TDD_POSTF01</SOBJ_NAME>
    <SOBJ_NAME>LYFINS_TDD_POSTTOP</SOBJ_NAME>
    <SOBJ_NAME>SAPLYFINS_TDD_POST</SOBJ_NAME>
   </INCLUDES>
   <FUNCTIONS>
    <item>
     <FUNCNAME>YFINS_CO_TO_ACDOC_TRANSFER</FUNCNAME>
     <SHORT_TEXT>Transfer CO Data into Universal Journal Entry Structure</SHORT_TEXT>
    </item>
    <item>
     <FUNCNAME>Z_K_ACDOCA_COMPLETE</FUNCNAME>
     <SHORT_TEXT>Felder für Buchungskreis u. Geschäftsbereich im CO-Beleg füllen</SHORT_TEXT>
    </item>
   </FUNCTIONS>
  </asx:values>
 </asx:abap>
</abapGit>
