﻿<?xml version="1.0" encoding="utf-8"?>
<abapGit version="v1.0.0" serializer="LCL_OBJECT_MSAG" serializer_version="v1.0.0">
 <asx:abap xmlns:asx="http://www.sap.com/abapxml" version="1.0">
  <asx:values>
   <T100A>
    <ARBGB>YFINS_TDD</ARBGB>
    <MASTERLANG>E</MASTERLANG>
    <STEXT>Message class for new TDD</STEXT>
   </T100A>
   <T100>
    <T100>
     <SPRSL>E</SPRSL>
     <ARBGB>YFINS_TDD</ARBGB>
     <MSGNR>000</MSGNR>
     <TEXT>*** 000 - 099 reserved for further use  ***</TEXT>
    </T100>
    <T100>
     <SPRSL>E</SPRSL>
     <ARBGB>YFINS_TDD</ARBGB>
     <MSGNR>100</MSGNR>
     <TEXT>*** 100 - 199 reserved for distribution ***</TEXT>
    </T100>
    <T100>
     <SPRSL>E</SPRSL>
     <ARBGB>YFINS_TDD</ARBGB>
     <MSGNR>101</MSGNR>
     <TEXT>Information of characteristic is missing</TEXT>
    </T100>
    <T100>
     <SPRSL>E</SPRSL>
     <ARBGB>YFINS_TDD</ARBGB>
     <MSGNR>102</MSGNR>
     <TEXT>Information of distribution level is missing</TEXT>
    </T100>
    <T100>
     <SPRSL>E</SPRSL>
     <ARBGB>YFINS_TDD</ARBGB>
     <MSGNR>103</MSGNR>
     <TEXT>Information of amount field is missing</TEXT>
    </T100>
    <T100>
     <SPRSL>E</SPRSL>
     <ARBGB>YFINS_TDD</ARBGB>
     <MSGNR>104</MSGNR>
     <TEXT>Information of refer base field is missing</TEXT>
    </T100>
    <T100>
     <SPRSL>E</SPRSL>
     <ARBGB>YFINS_TDD</ARBGB>
     <MSGNR>105</MSGNR>
     <TEXT>Period information of sender/refer is not completed</TEXT>
    </T100>
    <T100>
     <SPRSL>E</SPRSL>
     <ARBGB>YFINS_TDD</ARBGB>
     <MSGNR>106</MSGNR>
     <TEXT>System failed to get period parameters for Operating Concern &amp;1</TEXT>
    </T100>
    <T100>
     <SPRSL>E</SPRSL>
     <ARBGB>YFINS_TDD</ARBGB>
     <MSGNR>107</MSGNR>
     <TEXT>This sender( index: &amp;1 ) cannot be distributed</TEXT>
    </T100>
   </T100>
  </asx:values>
 </asx:abap>
</abapGit>
