﻿<?xml version="1.0" encoding="utf-8"?>
<abapGit version="v1.0.0" serializer="LCL_OBJECT_TOBJ" serializer_version="v1.0.0">
 <asx:abap xmlns:asx="http://www.sap.com/abapxml" version="1.0">
  <asx:values>
   <OBJH>
    <OBJECTNAME>YFINS_TDDV_TMP_H</OBJECTNAME>
    <OBJECTTYPE>V</OBJECTTYPE>
    <CLIDEP>X</CLIDEP>
    <OBJCATEG>CUST</OBJCATEG>
    <OBJTRANSP>2</OBJTRANSP>
    <IMPORTABLE>3</IMPORTABLE>
   </OBJH>
   <OBJT>
    <LANGUAGE>E</LANGUAGE>
    <OBJECTNAME>YFINS_TDDV_TMP_H</OBJECTNAME>
    <OBJECTTYPE>V</OBJECTTYPE>
    <DDTEXT>CFin Maintenance View for TDD Template Header</DDTEXT>
   </OBJT>
   <OBJS>
    <OBJS>
     <OBJECTNAME>YFINS_TDDV_TMP_H</OBJECTNAME>
     <OBJECTTYPE>V</OBJECTTYPE>
     <TABNAME>YFINS_TDD_TEMP_H</TABNAME>
     <DDIC>X</DDIC>
     <PRIM_TABLE>X</PRIM_TABLE>
    </OBJS>
   </OBJS>
   <TOBJ>
    <TDDAT>
     <TABNAME>YFINS_TDDV_TMP_H</TABNAME>
     <CCLASS>ZC&amp;B</CCLASS>
    </TDDAT>
    <TVDIR>
     <TABNAME>YFINS_TDDV_TMP_H</TABNAME>
     <AREA>YFINS_TDD_FG</AREA>
     <DEVCLASS>YFINS_TDD</DEVCLASS>
     <TYPE>1</TYPE>
     <LISTE>0101</LISTE>
    </TVDIR>
   </TOBJ>
  </asx:values>
 </asx:abap>
</abapGit>
