﻿<?xml version="1.0" encoding="utf-8"?>
<abapGit version="v1.0.0" serializer="LCL_OBJECT_VIEW" serializer_version="v1.0.0">
 <asx:abap xmlns:asx="http://www.sap.com/abapxml" version="1.0">
  <asx:values>
   <DD25V>
    <VIEWNAME>YFINS_TDDV_TMP_H</VIEWNAME>
    <AS4LOCAL>A</AS4LOCAL>
    <DDLANGUAGE>E</DDLANGUAGE>
    <AGGTYPE>V</AGGTYPE>
    <ROOTTAB>YFINS_TDD_TEMP_H</ROOTTAB>
    <DDTEXT>CFin Maintenance View for TDD Template Header</DDTEXT>
    <VIEWCLASS>C</VIEWCLASS>
    <CUSTOMAUTH>C</CUSTOMAUTH>
    <GLOBALFLAG>X</GLOBALFLAG>
   </DD25V>
   <DD26V_TABLE>
    <DD26V>
     <VIEWNAME>YFINS_TDDV_TMP_H</VIEWNAME>
     <TABNAME>YFINS_TDD_TEMP_H</TABNAME>
     <TABPOS>0001</TABPOS>
     <FORTABNAME>YFINS_TDD_TEMP_H</FORTABNAME>
    </DD26V>
   </DD26V_TABLE>
   <DD27P_TABLE>
    <DD27P>
     <VIEWNAME>YFINS_TDDV_TMP_H</VIEWNAME>
     <OBJPOS>0001</OBJPOS>
     <DDLANGUAGE>E</DDLANGUAGE>
     <VIEWFIELD>MANDT</VIEWFIELD>
     <TABNAME>YFINS_TDD_TEMP_H</TABNAME>
     <FIELDNAME>MANDT</FIELDNAME>
     <KEYFLAG>X</KEYFLAG>
     <ROLLNAME>MANDT</ROLLNAME>
     <ROLLNAMEVI>MANDT</ROLLNAMEVI>
    </DD27P>
    <DD27P>
     <VIEWNAME>YFINS_TDDV_TMP_H</VIEWNAME>
     <OBJPOS>0002</OBJPOS>
     <DDLANGUAGE>E</DDLANGUAGE>
     <VIEWFIELD>NAME</VIEWFIELD>
     <TABNAME>YFINS_TDD_TEMP_H</TABNAME>
     <FIELDNAME>NAME</FIELDNAME>
     <KEYFLAG>X</KEYFLAG>
     <ROLLNAME>YFINS_TDD_TEMPLATE</ROLLNAME>
     <ROLLNAMEVI>YFINS_TDD_TEMPLATE</ROLLNAMEVI>
    </DD27P>
    <DD27P>
     <VIEWNAME>YFINS_TDDV_TMP_H</VIEWNAME>
     <OBJPOS>0003</OBJPOS>
     <DDLANGUAGE>E</DDLANGUAGE>
     <VIEWFIELD>DESCR</VIEWFIELD>
     <TABNAME>YFINS_TDD_TEMP_H</TABNAME>
     <FIELDNAME>DESCR</FIELDNAME>
     <ROLLNAME>YFINS_TDD_TEMP_DESCR</ROLLNAME>
     <ROLLNAMEVI>YFINS_TDD_TEMP_DESCR</ROLLNAMEVI>
    </DD27P>
    <DD27P>
     <VIEWNAME>YFINS_TDDV_TMP_H</VIEWNAME>
     <OBJPOS>0004</OBJPOS>
     <DDLANGUAGE>E</DDLANGUAGE>
     <VIEWFIELD>OPCONCERN</VIEWFIELD>
     <TABNAME>YFINS_TDD_TEMP_H</TABNAME>
     <FIELDNAME>OPCONCERN</FIELDNAME>
     <ROLLNAME>ERKRS</ROLLNAME>
     <ROLLNAMEVI>ERKRS</ROLLNAMEVI>
    </DD27P>
   </DD27P_TABLE>
  </asx:values>
 </asx:abap>
</abapGit>
