﻿<?xml version="1.0" encoding="utf-8"?>
<abapGit version="v1.0.0" serializer="LCL_OBJECT_VIEW" serializer_version="v1.0.0">
 <asx:abap xmlns:asx="http://www.sap.com/abapxml" version="1.0">
  <asx:values>
   <DD25V>
    <VIEWNAME>YFINS_TDDV_TMP_I</VIEWNAME>
    <AS4LOCAL>A</AS4LOCAL>
    <DDLANGUAGE>E</DDLANGUAGE>
    <AGGTYPE>V</AGGTYPE>
    <ROOTTAB>YFINS_TDD_TEMP_I</ROOTTAB>
    <DDTEXT>CFin Maintence View for TDD template characteristics</DDTEXT>
    <VIEWCLASS>C</VIEWCLASS>
    <CUSTOMAUTH>A</CUSTOMAUTH>
    <GLOBALFLAG>X</GLOBALFLAG>
   </DD25V>
   <DD26V_TABLE>
    <DD26V>
     <VIEWNAME>YFINS_TDDV_TMP_I</VIEWNAME>
     <TABNAME>YFINS_TDD_TEMP_I</TABNAME>
     <TABPOS>0001</TABPOS>
     <FORTABNAME>YFINS_TDD_TEMP_I</FORTABNAME>
    </DD26V>
   </DD26V_TABLE>
   <DD27P_TABLE>
    <DD27P>
     <VIEWNAME>YFINS_TDDV_TMP_I</VIEWNAME>
     <OBJPOS>0001</OBJPOS>
     <DDLANGUAGE>E</DDLANGUAGE>
     <VIEWFIELD>MANDT</VIEWFIELD>
     <TABNAME>YFINS_TDD_TEMP_I</TABNAME>
     <FIELDNAME>MANDT</FIELDNAME>
     <KEYFLAG>X</KEYFLAG>
     <ROLLNAME>MANDT</ROLLNAME>
     <ROLLNAMEVI>MANDT</ROLLNAMEVI>
    </DD27P>
    <DD27P>
     <VIEWNAME>YFINS_TDDV_TMP_I</VIEWNAME>
     <OBJPOS>0002</OBJPOS>
     <DDLANGUAGE>E</DDLANGUAGE>
     <VIEWFIELD>NAME</VIEWFIELD>
     <TABNAME>YFINS_TDD_TEMP_I</TABNAME>
     <FIELDNAME>NAME</FIELDNAME>
     <KEYFLAG>X</KEYFLAG>
     <ROLLNAME>YFINS_TDD_TEMPLATE</ROLLNAME>
     <ROLLNAMEVI>YFINS_TDD_TEMPLATE</ROLLNAMEVI>
     <RDONLY>S</RDONLY>
     <CHECKTABLE>YFINS_TDD_TEMP_H</CHECKTABLE>
     <SHLPORIGIN>P</SHLPORIGIN>
    </DD27P>
    <DD27P>
     <VIEWNAME>YFINS_TDDV_TMP_I</VIEWNAME>
     <OBJPOS>0003</OBJPOS>
     <DDLANGUAGE>E</DDLANGUAGE>
     <VIEWFIELD>FIELDNAME</VIEWFIELD>
     <TABNAME>YFINS_TDD_TEMP_I</TABNAME>
     <FIELDNAME>FIELDNAME</FIELDNAME>
     <KEYFLAG>X</KEYFLAG>
     <ROLLNAME>FIELDNAME</ROLLNAME>
     <ROLLNAMEVI>FIELDNAME</ROLLNAMEVI>
    </DD27P>
    <DD27P>
     <VIEWNAME>YFINS_TDDV_TMP_I</VIEWNAME>
     <OBJPOS>0004</OBJPOS>
     <DDLANGUAGE>E</DDLANGUAGE>
     <VIEWFIELD>FIELDDESCR</VIEWFIELD>
     <TABNAME>YFINS_TDD_TEMP_I</TABNAME>
     <FIELDNAME>FIELDDESCR</FIELDNAME>
     <ROLLNAME>SCRTEXT_M</ROLLNAME>
     <ROLLNAMEVI>SCRTEXT_M</ROLLNAMEVI>
    </DD27P>
    <DD27P>
     <VIEWNAME>YFINS_TDDV_TMP_I</VIEWNAME>
     <OBJPOS>0005</OBJPOS>
     <DDLANGUAGE>E</DDLANGUAGE>
     <VIEWFIELD>TDMERK</VIEWFIELD>
     <TABNAME>YFINS_TDD_TEMP_I</TABNAME>
     <FIELDNAME>TDMERK</FIELDNAME>
     <ROLLNAME>CEPLTDMERK</ROLLNAME>
     <ROLLNAMEVI>CEPLTDMERK</ROLLNAMEVI>
     <SHLPORIGIN>F</SHLPORIGIN>
     <VALEXI>X</VALEXI>
    </DD27P>
    <DD27P>
     <VIEWNAME>YFINS_TDDV_TMP_I</VIEWNAME>
     <OBJPOS>0006</OBJPOS>
     <DDLANGUAGE>E</DDLANGUAGE>
     <VIEWFIELD>MERKUE</VIEWFIELD>
     <TABNAME>YFINS_TDD_TEMP_I</TABNAME>
     <FIELDNAME>MERKUE</FIELDNAME>
     <ROLLNAME>CEPLMERKUE</ROLLNAME>
     <ROLLNAMEVI>CEPLMERKUE</ROLLNAMEVI>
     <SHLPORIGIN>F</SHLPORIGIN>
     <VALEXI>X</VALEXI>
    </DD27P>
    <DD27P>
     <VIEWNAME>YFINS_TDDV_TMP_I</VIEWNAME>
     <OBJPOS>0007</OBJPOS>
     <DDLANGUAGE>E</DDLANGUAGE>
     <VIEWFIELD>MERKVD</VIEWFIELD>
     <TABNAME>YFINS_TDD_TEMP_I</TABNAME>
     <FIELDNAME>MERKVD</FIELDNAME>
     <ROLLNAME>CEPLMERKVD</ROLLNAME>
     <ROLLNAMEVI>CEPLMERKVD</ROLLNAMEVI>
     <SHLPORIGIN>F</SHLPORIGIN>
     <VALEXI>X</VALEXI>
    </DD27P>
    <DD27P>
     <VIEWNAME>YFINS_TDDV_TMP_I</VIEWNAME>
     <OBJPOS>0008</OBJPOS>
     <DDLANGUAGE>E</DDLANGUAGE>
     <VIEWFIELD>NO_DISPLAY</VIEWFIELD>
     <TABNAME>YFINS_TDD_TEMP_I</TABNAME>
     <FIELDNAME>NO_DISPLAY</FIELDNAME>
     <ROLLNAME>BOOLE_D</ROLLNAME>
     <ROLLNAMEVI>BOOLE_D</ROLLNAMEVI>
     <SHLPORIGIN>F</SHLPORIGIN>
     <VALEXI>X</VALEXI>
    </DD27P>
   </DD27P_TABLE>
  </asx:values>
 </asx:abap>
</abapGit>
