﻿<?xml version="1.0" encoding="utf-8"?>
<abapGit version="v1.0.0" serializer="LCL_OBJECT_DTEL" serializer_version="v1.0.0">
 <asx:abap xmlns:asx="http://www.sap.com/abapxml" version="1.0">
  <asx:values>
   <DD04V>
    <ROLLNAME>YFINS_TDD_TEMP_DESCR</ROLLNAME>
    <DDLANGUAGE>E</DDLANGUAGE>
    <DOMNAME>TEXT30</DOMNAME>
    <HEADLEN>30</HEADLEN>
    <SCRLEN1>05</SCRLEN1>
    <SCRLEN2>15</SCRLEN2>
    <SCRLEN3>25</SCRLEN3>
    <DDTEXT>TDD Template Description</DDTEXT>
    <REPTEXT>TDD Template Description</REPTEXT>
    <SCRTEXT_S>T.Des</SCRTEXT_S>
    <SCRTEXT_M>TDD Temp Desc</SCRTEXT_M>
    <SCRTEXT_L>TDD Template Desc</SCRTEXT_L>
    <DTELMASTER>E</DTELMASTER>
    <REFKIND>D</REFKIND>
   </DD04V>
  </asx:values>
 </asx:abap>
</abapGit>
