﻿<?xml version="1.0" encoding="utf-8"?>
<abapGit version="v1.0.0" serializer="LCL_OBJECT_TABL" serializer_version="v1.0.0">
 <asx:abap xmlns:asx="http://www.sap.com/abapxml" version="1.0">
  <asx:values>
   <DD02V>
    <TABNAME>YFINS_TDD_TEMP_I</TABNAME>
    <DDLANGUAGE>E</DDLANGUAGE>
    <TABCLASS>TRANSP</TABCLASS>
    <CLIDEP>X</CLIDEP>
    <DDTEXT>test template table</DDTEXT>
    <MAINFLAG>X</MAINFLAG>
    <CONTFLAG>A</CONTFLAG>
    <EXCLASS>3</EXCLASS>
   </DD02V>
   <DD09L>
    <TABNAME>YFINS_TDD_TEMP_I</TABNAME>
    <AS4LOCAL>A</AS4LOCAL>
    <TABKAT>2</TABKAT>
    <TABART>APPL0</TABART>
    <BUFALLOW>N</BUFALLOW>
   </DD09L>
   <DD03P_TABLE>
    <DD03P>
     <TABNAME>YFINS_TDD_TEMP_I</TABNAME>
     <FIELDNAME>MANDT</FIELDNAME>
     <POSITION>0001</POSITION>
     <KEYFLAG>X</KEYFLAG>
     <ROLLNAME>MANDT</ROLLNAME>
     <ADMINFIELD>0</ADMINFIELD>
     <NOTNULL>X</NOTNULL>
     <COMPTYPE>E</COMPTYPE>
    </DD03P>
    <DD03P>
     <TABNAME>YFINS_TDD_TEMP_I</TABNAME>
     <FIELDNAME>NAME</FIELDNAME>
     <POSITION>0002</POSITION>
     <KEYFLAG>X</KEYFLAG>
     <ROLLNAME>YFINS_TDD_TEMPLATE</ROLLNAME>
     <CHECKTABLE>YFINS_TDD_TEMP_H</CHECKTABLE>
     <ADMINFIELD>0</ADMINFIELD>
     <NOTNULL>X</NOTNULL>
     <SHLPORIGIN>P</SHLPORIGIN>
     <COMPTYPE>E</COMPTYPE>
    </DD03P>
    <DD03P>
     <TABNAME>YFINS_TDD_TEMP_I</TABNAME>
     <FIELDNAME>FIELDNAME</FIELDNAME>
     <POSITION>0003</POSITION>
     <KEYFLAG>X</KEYFLAG>
     <ROLLNAME>FIELDNAME</ROLLNAME>
     <ADMINFIELD>0</ADMINFIELD>
     <NOTNULL>X</NOTNULL>
     <COMPTYPE>E</COMPTYPE>
    </DD03P>
    <DD03P>
     <TABNAME>YFINS_TDD_TEMP_I</TABNAME>
     <FIELDNAME>FIELDDESCR</FIELDNAME>
     <POSITION>0004</POSITION>
     <ROLLNAME>SCRTEXT_M</ROLLNAME>
     <ADMINFIELD>0</ADMINFIELD>
     <COMPTYPE>E</COMPTYPE>
    </DD03P>
    <DD03P>
     <TABNAME>YFINS_TDD_TEMP_I</TABNAME>
     <FIELDNAME>TDMERK</FIELDNAME>
     <POSITION>0005</POSITION>
     <ROLLNAME>CEPLTDMERK</ROLLNAME>
     <ADMINFIELD>0</ADMINFIELD>
     <VALEXI>X</VALEXI>
     <SHLPORIGIN>F</SHLPORIGIN>
     <COMPTYPE>E</COMPTYPE>
    </DD03P>
    <DD03P>
     <TABNAME>YFINS_TDD_TEMP_I</TABNAME>
     <FIELDNAME>MERKUE</FIELDNAME>
     <POSITION>0006</POSITION>
     <ROLLNAME>CEPLMERKUE</ROLLNAME>
     <ADMINFIELD>0</ADMINFIELD>
     <VALEXI>X</VALEXI>
     <SHLPORIGIN>F</SHLPORIGIN>
     <COMPTYPE>E</COMPTYPE>
    </DD03P>
    <DD03P>
     <TABNAME>YFINS_TDD_TEMP_I</TABNAME>
     <FIELDNAME>MERKVD</FIELDNAME>
     <POSITION>0007</POSITION>
     <ROLLNAME>CEPLMERKVD</ROLLNAME>
     <ADMINFIELD>0</ADMINFIELD>
     <VALEXI>X</VALEXI>
     <SHLPORIGIN>F</SHLPORIGIN>
     <COMPTYPE>E</COMPTYPE>
    </DD03P>
    <DD03P>
     <TABNAME>YFINS_TDD_TEMP_I</TABNAME>
     <FIELDNAME>NO_DISPLAY</FIELDNAME>
     <POSITION>0008</POSITION>
     <ROLLNAME>BOOLE_D</ROLLNAME>
     <ADMINFIELD>0</ADMINFIELD>
     <VALEXI>X</VALEXI>
     <SHLPORIGIN>F</SHLPORIGIN>
     <COMPTYPE>E</COMPTYPE>
    </DD03P>
   </DD03P_TABLE>
   <DD05M_TABLE>
    <DD05M>
     <TABNAME>YFINS_TDD_TEMP_I</TABNAME>
     <FIELDNAME>NAME</FIELDNAME>
     <FORTABLE>YFINS_TDD_TEMP_I</FORTABLE>
     <FORKEY>MANDT</FORKEY>
     <CHECKTABLE>YFINS_TDD_TEMP_H</CHECKTABLE>
     <CHECKFIELD>MANDT</CHECKFIELD>
     <PRIMPOS>0001</PRIMPOS>
     <DOMNAME>MANDT</DOMNAME>
     <DATATYPE>CLNT</DATATYPE>
     <LENG>000003</LENG>
    </DD05M>
    <DD05M>
     <TABNAME>YFINS_TDD_TEMP_I</TABNAME>
     <FIELDNAME>NAME</FIELDNAME>
     <FORTABLE>YFINS_TDD_TEMP_I</FORTABLE>
     <FORKEY>NAME</FORKEY>
     <CHECKTABLE>YFINS_TDD_TEMP_H</CHECKTABLE>
     <CHECKFIELD>NAME</CHECKFIELD>
     <PRIMPOS>0002</PRIMPOS>
     <DOMNAME>CHAR20</DOMNAME>
     <DATATYPE>CHAR</DATATYPE>
     <LENG>000020</LENG>
    </DD05M>
   </DD05M_TABLE>
   <DD08V_TABLE>
    <DD08V>
     <TABNAME>YFINS_TDD_TEMP_I</TABNAME>
     <FIELDNAME>NAME</FIELDNAME>
     <DDLANGUAGE>E</DDLANGUAGE>
     <CHECKTABLE>YFINS_TDD_TEMP_H</CHECKTABLE>
     <CHECKFLAG>X</CHECKFLAG>
    </DD08V>
   </DD08V_TABLE>
  </asx:values>
 </asx:abap>
</abapGit>
