﻿<?xml version="1.0" encoding="utf-8"?>
<abapGit version="v1.0.0" serializer="LCL_OBJECT_INTF" serializer_version="v1.0.0">
 <asx:abap xmlns:asx="http://www.sap.com/abapxml" version="1.0">
  <asx:values>
   <VSEOINTERF>
    <CLSNAME>YIF_FINS_TDD_PROCESSOR</CLSNAME>
    <VERSION>1</VERSION>
    <LANGU>E</LANGU>
    <DESCRIPT>IF of TDD processor</DESCRIPT>
    <EXPOSURE>2</EXPOSURE>
    <STATE>1</STATE>
    <UNICODE>X</UNICODE>
   </VSEOINTERF>
   <DESCRIPTIONS>
    <SEOCOMPOTX>
     <CLSNAME>YIF_FINS_TDD_PROCESSOR</CLSNAME>
     <CMPNAME>BUILD_CONNECT</CMPNAME>
     <LANGU>E</LANGU>
     <DESCRIPT>Build connection of source data and reference data</DESCRIPT>
    </SEOCOMPOTX>
    <SEOCOMPOTX>
     <CLSNAME>YIF_FINS_TDD_PROCESSOR</CLSNAME>
     <CMPNAME>DISTRIBUTE_VALUE</CMPNAME>
     <LANGU>E</LANGU>
     <DESCRIPT>Distribute sender by referring data</DESCRIPT>
    </SEOCOMPOTX>
   </DESCRIPTIONS>
  </asx:values>
 </asx:abap>
</abapGit>
